{
    "MAE": 0.07749769501713827,
    "RMSE": 0.09759335880956388,
    "R2": 0.9901139900982132
}