{
  "loss_weights": {
    "w_coeff": 49.0,
    "w_cp": 1.0
  },
  "overall_mae": 0.033813659101724625,
  "overall_rmse": 0.25818136588100044,
  "overall_r2": 0.8408985137939453,
  "cl_mae": 0.08999047428369522,
  "cl_rmse": 0.12762629226325495,
  "cl_r2": 0.9836215972900391,
  "cd_mae": 0.17454217374324799,
  "cd_rmse": 0.29260323929812304,
  "cd_r2": 0.9139466285705566,
  "cp_mae": 0.031804412603378296,
  "cp_rmse": 0.25880138439857675,
  "cp_r2": 0.8386965990066528
}